quality,price,income,aspiration,agent_id
0.22702054662527155,0.0,34204.09636151811,0.20577865470868262,10
0.2434120601156825,99.5598915821632,24805.931601788547,0.23082697222884757,168
0.24507864372900795,110.25199330502457,24205.837789823167,0.2537992821924996,127
0.29693274756721993,458.51091242011944,53003.767183930904,0.23665668191017186,36
0.30549971995203296,516.4156140402995,31177.880117208242,0.2609217431211196,381
0.3294456324508161,674.7760095113958,32398.952699111665,0.27020679511905143,432
0.33074907283474847,683.7019238765811,30310.93273974398,0.2741516541704453,424
0.3311895285998758,686.7247384096395,22532.707256190806,0.3140100937093374,30
0.3382282446348153,740.9366358516253,36519.11675208741,0.2870451637642356,11
0.3469722784834759,807.3822287193072,24920.977430611518,0.3124024407622876,54
0.35375326118607,859.1614006835096,33258.81815015483,0.29835170659019805,378
0.3578148907211978,890.2974137034665,61104.93348996128,0.27232338597546984,242
0.3593432243252189,902.1756717833013,26842.65142979652,0.3206616761982747,302
0.360206531350657,909.0932490822613,44968.59555486466,0.299297009881056,478
0.3608503702139115,914.4835881111867,11761.858534447243,0.40448293102674565,431
0.36310850613213275,933.6894726143671,22252.689151698083,0.3518547146197254,416
0.3991002662406157,1237.1378970349951,34387.17671536965,0.32366490322351926,415
0.3992310711484489,1238.2122906416262,32083.96481371805,0.33175340329915615,279
0.3994604752742763,1240.1354140692042,25289.16355161997,0.35052678404913273,222
0.40606075119148555,1295.8714405317514,43944.33685448432,0.3160672269162393,98
0.40754695157532383,1308.379263224812,36419.31140558949,0.32869007715882625,277
0.4086281325822029,1317.5466625269146,28457.116748809978,0.3469706998169375,344
0.41016866005783315,1330.7334977501791,37618.022235475655,0.32978833854517275,405
0.41074393386132024,1335.6757035825237,18616.07220964114,0.384169376450556,120
0.41099277566788983,1337.8371415748559,33999.998300797524,0.3410098509217667,116
0.42557572308275926,1464.8459908026907,19879.205320889672,0.3838499830110707,476
0.4283735786839292,1489.1244901902842,32888.60034250456,0.34689188272043536,251
0.4294469542152331,1498.4960659270441,33902.52831382558,0.3474735017755509,311
0.42946202449825777,1498.6293346544126,39412.811026317155,0.33890097116755946,375
0.42973596011449433,1501.0682899966293,29691.231384215236,0.35828012664746883,13
0.4354948961236689,1552.199583653373,43510.587220930975,0.3344840380104237,285
0.43644015478475007,1560.6073465645777,21066.83598514455,0.39088937560158193,490
0.4424726793648127,1614.9565550878951,27132.93816583483,0.37027534160814585,496
0.4434922678385157,1624.1087335451118,38364.331653585425,0.3465632223234164,237
0.44444117730906463,1632.6471066080346,20615.307967323653,0.3952113429455054,28
0.4451081794709757,1638.67380037383,26615.165216305206,0.37370816374409466,135
0.44602207497998647,1646.9253748779465,18996.930150287222,0.40819079525559954,321
0.4468615887561555,1654.6783289915043,34442.68928688878,0.35969139649892523,498
0.4489622006892595,1674.084215630216,38533.06699313077,0.3535496514396097,358
0.4557954323401476,1737.2983587619233,20174.824505107852,0.40499994284602786,37
0.4559839799755556,1739.0355432540246,22501.787018712363,0.3991430800382758,296
0.4598981171740304,1775.7142406153525,31486.337931053535,0.37173153516464685,254
0.46022443063266105,1778.7637152120278,22995.469871666435,0.39802508129014763,252
0.461146048395485,1787.3991335072535,30917.92990652133,0.37539668874810456,188
0.4622101282547576,1797.440242798589,25309.2629392163,0.39604763267069715,266
0.4634910287455061,1809.7858228439468,37610.16338392599,0.36567767641209814,397
0.46707873893851626,1844.292081537038,30188.967323795558,0.38215827621024573,111
0.4680775509450741,1853.8800593686533,54957.99224998234,0.3421616226765416,487
0.46826047655464154,1855.6391480249558,43327.966679323,0.3569558445984876,411
0.4708469640027172,1880.475998839222,26449.65066781319,0.39385143710542286,42
0.4711192327053063,1883.089652647485,40821.13043472858,0.36240294331497624,479
0.47385150593972847,1909.4375346786028,27352.956829021572,0.3933832279042016,114
0.4743929280807363,1914.673051076788,27012.654463564166,0.39513583550862363,227
0.4755669357153247,1926.052416408285,47368.39998307388,0.354277970774607,107
0.4823044668569254,1991.018603126439,30210.230694586076,0.3884235046247841,217
0.48325687031245046,2000.2647460066564,24754.863825514305,0.4055204122402729,130
0.4835907918368584,2003.5082891367351,17485.904377327483,0.441364057110967,136
0.4871808761946801,2038.4659672649645,48639.76396909034,0.3579002474498174,156
0.48738434743423986,2040.4662252173905,17114.67023560201,0.4467322644214154,288
0.48893912230924863,2055.7441929679735,36808.04982647934,0.37712086461329547,286
0.4894291483218059,2060.5550167562487,27733.731311802716,0.3997408012017214,299
0.4906260626441985,2072.31491540853,48149.31834151488,0.35915355281055916,185
0.4906381938940419,2072.434040656939,35008.11145146966,0.3820719174644291,417
0.49269936482059706,2092.737357170338,66194.64733996708,0.3414010428204656,413
0.4930768998353169,2096.462609454938,37229.05441327889,0.37877022912393987,380
0.49412891064981335,2106.868806966798,32852.675504150386,0.3887000551228223,475
0.4943009210045448,2108.5733474253707,41726.03744507736,0.37139788379684857,198
0.4949320986680325,2114.8339690737357,59542.701768804356,0.34995427113480126,316
0.4956947931365619,2122.4500721181503,39621.677783455234,0.3765240966685691,200
0.4982476585941179,2147.902314502071,30956.48855592126,0.395306486355292,40
0.4986869618988079,2152.2736868694583,28980.87866514032,0.40098570612704826,421
0.5001014689582636,2166.348048977011,70398.02681164227,0.34188217044517233,142
0.5008300800363744,2173.6413163713787,25097.33542345832,0.4155565678474822,24
0.5009255860547271,2174.5987921912965,20437.137788284304,0.43814294230994827,167
0.5042675429785661,2208.4170368807536,90558.14673026641,0.3310744061957699,433
0.5052999368133952,2218.8615972375273,37325.84919336557,0.38674060866241,282
0.5065573699514754,2231.655907027043,12312.80512765309,0.5078036501315282,489
0.5072867472644564,2239.159437463354,58069.57006810697,0.3597083193873378,172
0.5092051416064054,2258.956024897231,41883.39403911239,0.38309724009672486,179
0.5106487055955321,2273.96349605644,25388.545519679825,0.4243616113909687,164
0.5111882891164904,2279.569505674134,29150.817218191434,0.41271177762345357,64
0.5124598771266847,2292.822368318164,50493.44258741828,0.37162419143361897,486
0.5130496654168906,2298.9816801296247,31392.823489624257,0.4080670435249319,390
0.5134528213607809,2303.2129527087686,41157.54986059843,0.38746676108526396,268
0.513637414364806,2305.156570902034,34750.66254555121,0.4008881908069055,23
0.5141739661342394,2310.817588043632,15781.564490915696,0.4813244003579523,357
0.5165883136360482,2336.262495275288,42498.07398931327,0.3870719804244426,193
0.5173317259387405,2344.14089070474,40059.50301134956,0.39274851328970073,245
0.5178619019695598,2349.796323778678,26429.25536772762,0.4284958551882335,26
0.5178706941325181,2349.890332496655,27776.05832389243,0.42444052398037774,60
0.5192960798449444,2365.1834217196333,30227.362389329206,0.4169142397018685,19
0.5212837712232946,2386.467563927353,25150.50574518369,0.4359414472115381,328
0.5219907620625067,2394.103194586517,29249.24442592815,0.42230083384154543,365
0.5234881285264485,2410.2917845673082,29438.207578778158,0.42190884331776485,160
0.5249361696423724,2425.9328798745387,37277.45485272794,0.4023988735287538,396
0.5255409696596253,2432.4681052734722,26702.72434930249,0.4322190773419579,304
0.5257505372812445,2434.742915226669,43992.78831946311,0.39101519055597755,230
0.5275724646575702,2454.523727867526,42909.25997603515,0.39430666390662045,67
0.5279365373320332,2458.5035623154818,29591.3018012006,0.4246868526233295,488
0.5283709372587054,2463.2509726862036,28927.638668485823,0.427258195627874,367
0.5287812210238038,2467.74419780481,35920.01797868224,0.4087118654814693,327
0.5306586257015119,2488.285717090538,21952.637960079173,0.4547514465439554,173
0.5311713156278198,2493.8875776617597,28261.41153611298,0.42966357312786563,91
0.5317873000683454,2500.61811816782,27016.996420720094,0.4344064832875851,483
0.5328548133892647,2512.3000359094267,28122.071518678993,0.4318726675954814,443
0.5332579805871623,2516.73574173258,27367.046467831842,0.4344589842714274,300
0.5340355677357231,2525.2855634722964,46329.87276717667,0.39119986654682243,284
0.5352135903293478,2538.2368886057734,22154.15564071294,0.4567196168567353,454
0.535500838181952,2541.4019126515955,37475.75405325573,0.4080657689871402,99
0.537057934396613,2558.557567516291,28143.666509361472,0.43560643765847556,150
0.5395203025858526,2585.9986427564736,22731.65272155276,0.45717488950790797,485
0.5395301089880437,2586.1079132409905,31429.72029746681,0.4262885252559988,262
0.5414396216312504,2607.4175617251303,12199.709546076478,0.5418399879334216,143
0.5418573215723012,2612.072710787799,24819.80669249655,0.44884779086944343,47
0.5425218442541263,2619.4764068535346,44262.50796245363,0.3992503776650037,340
0.5435275775147956,2630.717919743117,60790.65321444795,0.3775505930694818,447
0.5450191011468564,2647.3992099308407,32223.95853552868,0.42603331198882655,410
0.5465525212076273,2664.576910573702,43810.174023655374,0.4010007518515059,35
0.5475896006175699,2676.176474407511,61399.01077614291,0.37838410445174575,434
0.548747989557699,2689.187858189088,33352.638241368346,0.42429255066973043,6
0.5496896708571546,2699.7642089677183,40813.11173165767,0.4077738574103706,469
0.5500092479528792,2703.353546381378,26767.777428149504,0.4466310869096634,451
0.5513049721190293,2718.026961583905,35106.50430977965,0.422253407399999,166
0.553317598421699,2740.8346560828372,19337.980982341396,0.48356934488337,181
0.5540505269362666,2749.1519184783383,29424.627640597053,0.4401812676601344,93
0.5541195911271258,2749.941742163327,27432.042832480445,0.44706621502610305,295
0.5553081550185973,2763.529448590315,24661.002501099545,0.4583581036744085,171
0.5558277284527631,2769.477204445654,22623.422378228337,0.4677172581323686,420
0.5563161349484452,2775.0663428972166,24478.648436211766,0.460660788792175,115
0.5579572180839223,2793.956961186517,23036.56189381853,0.4675765816776961,161
0.5586105080919872,2801.4795192261663,15189.90524937547,0.5205865623752741,332
0.5590855738629554,2806.9463207439603,38240.347507092505,0.420708013272633,157
0.5619768866642588,2840.402966145869,62179.814397948816,0.3854585022630833,61
0.5621168206150163,2842.025521103398,34979.2138557488,0.4294991985708922,329
0.5625001569895732,2846.481512750848,20492.263986709375,0.486617149821784,326
0.5639046017482771,2862.9872116587867,43100.1596583627,0.4144703951590838,324
0.5641665179736394,2866.063659679484,26624.695884455046,0.45828756342772714,14
0.5646463753879596,2871.7154138924047,27104.336359482913,0.4572563458186719,66
0.5661861655828894,2889.9015617208606,37183.64050777946,0.4279306140104033,384
0.5665859131147671,2894.6195218523194,35617.99216096783,0.43171213164300687,250
0.5691507826496721,2924.851241767181,48777.12776299794,0.4080380005158047,418
0.5710451310721784,2947.33946185211,43998.84747450334,0.416865242569196,289
0.5720368022593545,2959.1529046000055,37760.1094552118,0.42947244617282476,474
0.5736804648521235,2978.7104294502215,21489.409727934995,0.4860847285921156,38
0.5741143535172684,2983.8673642194417,41633.60566883758,0.42155996520952593,364
0.5750899161161988,2995.4659375422843,51721.16069846744,0.40544169427943744,272
0.5754493855131869,2999.7515623641616,32322.005935577967,0.44493182831133793,59
0.577186815859265,3020.5204240919056,45577.977413886816,0.4161297966288552,445
0.5781342386044488,3031.8591249076067,36496.818981059856,0.43526821407229266,437
0.5783527989357045,3034.4841067383636,41276.95385322493,0.4254231876367897,72
0.5797285390339179,3051.048431077932,20248.760212135563,0.49913522420576345,63
0.5798246012125793,3052.2134157475675,34514.58507756966,0.44289560427699715,56
0.5802543519135058,3057.438714500305,29115.5109622915,0.4593023269192501,303
0.5805184973341285,3060.6522483476774,25468.622675804298,0.4740609426881199,456
0.5816270062549036,3074.1844073410634,31580.32999272239,0.452265717815777,441
0.581809666017326,3076.4140495859037,50609.881425641506,0.41281191859392835,53
0.5825066007416312,3084.94167390203,28319.270939894992,0.46368424601747604,350
0.5833708950238089,3095.5116188152247,18353.119366209197,0.515665809883912,453
0.5851725442264775,3117.621542151411,25066.522155486196,0.4787367208931423,363
0.5858756388855311,3126.285470321127,48369.05314496723,0.41832517969535865,450
0.586539978621255,3134.4749476504967,57910.9621094279,0.40526969538839697,459
0.587021710259914,3140.4207988681537,22819.15289178004,0.4906867938714738,322
0.5875707698088138,3147.213903094511,38806.09091431577,0.43802381497276965,7
0.5887720070459358,3162.1278126864304,32687.02401389332,0.4551750358366064,283
0.5891699297481074,3167.1050262885597,39271.41471912399,0.43935138337437646,216
0.5894302547343606,3170.3752358165866,44242.36539301063,0.42975770679341546,291
0.5899638008120265,3177.091547092323,32422.870282949825,0.45899242170520044,218
0.59036152036826,3182.13980868823,29603.25774404305,0.46821328265884793,121
0.5911918426620418,3192.6824502098175,23114.771330381758,0.4955326625785416,495
0.5913748166040056,3195.0062879632615,37319.78763405291,0.44657073298642663,126
0.5917851669636183,3200.2255203397217,29405.24978174644,0.4699687920071757,57
0.5918718542652173,3201.330984197433,25802.399220032188,0.48445785466769653,337
0.5919493184984316,3202.321460532744,37376.8110604431,0.44830348314261226,207
0.5919654937092044,3202.5292302806683,37526.7016791336,0.44871960056433835,77
0.5925856586517255,3210.5250412050336,55273.51379884284,0.4170464986072702,419
0.593131700328724,3217.563089621548,36187.51543934629,0.452095928972626,331
0.5936725353500445,3224.530152430687,23364.003492244014,0.4977683610867667,281
0.5952206772095576,3244.456894593445,32155.893890988875,0.46382352495495766,122
0.5952989175172958,3245.465430127717,46994.91832118187,0.43142316452825724,307
0.5968286073905119,3265.3176263955356,33030.10864385766,0.4630054299358156,314
0.5975158327896856,3274.242336026343,30344.064100087046,0.4724974626059705,294
0.5980478903116755,3281.1851710623087,43045.88966136083,0.4401768886290251,65
0.5990916909652062,3294.808856983157,46690.68922679743,0.43342696475621784,31
0.5998314416920897,3304.4555668925495,23404.29220861927,0.501848536582273,192
0.6002130230496975,3309.438230320912,31303.8590566562,0.4701469944450387,473
0.6004885863447436,3313.0390637454348,27727.6995708089,0.4835680298333701,97
0.6006408973053594,3315.036726838708,25000.14723652569,0.4952948342787984,455
0.6008969762229098,3318.3973134417047,26307.9513809332,0.48957443449937743,102
0.602272758982542,3336.4419009786216,24975.433140566027,0.4960976677788852,336
0.603769911330197,3356.1072435139977,34723.58548511496,0.462119599467833,27
0.6042671270813854,3362.6519442310127,34203.79096453819,0.4639404985241408,330
0.6045790264449682,3366.763706140955,25692.691968416035,0.49449961337606596,175
0.6058815989736248,3383.9713631419427,28602.942761521743,0.4828956412576077,2
0.6080556242661105,3412.6709707625632,50549.06304507012,0.4306718444888299,398
0.6084813848411317,3418.2876082193116,75347.61080157777,0.4019541107480367,273
0.6090755716547258,3426.133942951441,14513.349640313245,0.5756875199844573,125
0.610171188893677,3440.6306691749796,30438.353986328602,0.477657846212351,169
0.6104194583343943,3443.918243748553,42729.06348723857,0.4456570822113119,73
0.6117539561713861,3461.5792965332257,19998.415368513673,0.5288446989986929,202
0.6122244176475363,3467.842750780903,32891.53408399894,0.4713135207443074,178
0.6123804457979843,3469.9209903547307,39593.1677742559,0.45550867782459536,16
0.6125115288862688,3471.6835827239574,24409.73228408028,0.5060636106677948,265
0.6142838427795495,3495.5351414252436,53771.590946581964,0.4303527143376595,4
0.6157993877455499,3515.9219739098144,23135.30058861759,0.5140979117574443,472
0.6159751032508728,3518.2976223878327,43213.981903533066,0.4494038599797412,18
0.6172271569522165,3535.215451098583,29106.683023733047,0.4879397625806423,133
0.6176262791617458,3540.612566250149,24196.468097266345,0.5090352408938312,52
0.6179102646743454,3544.4517086626684,35605.934881196314,0.4674517826280116,334
0.6179569938384473,3545.083614328739,34982.841701709396,0.4694711093187792,186
0.6186233026407297,3554.1026231675305,37522.26802082414,0.4635160205105131,275
0.6188005777043123,3556.510703669077,40826.53577909565,0.45645308826349906,84
0.6188336809757684,3556.962216756623,26599.201854453306,0.4999239842177472,309
0.6190124674385937,3559.4003886152204,34230.90926811106,0.47319260610430297,471
0.6196166979998416,3567.6403825687526,23317.997212121343,0.5165049866469132,247
0.6209165037687144,3585.4177704304975,21492.57922392648,0.5272286283728209,313
0.6214043935767636,3592.093244151556,26142.12843407146,0.503121115535809,338
0.6220585364149925,3601.0408302265814,23611.382822216983,0.515823149011321,215
0.6233120982611186,3618.2119682195116,27078.000407613417,0.502246736200445,180
0.6235045480155192,3620.882045664126,51471.70236380923,0.44145700017758155,246
0.6237285725704662,3624.0058423031787,41641.62905361681,0.46006019970739626,387
0.6239160260175969,3626.6259359371934,29886.659971877743,0.49294501644947053,152
0.624068980785073,3628.7648090678795,49473.54364962332,0.44577471904434673,101
0.6265430220608205,3663.416424715975,26249.649766593917,0.5082726505050079,349
0.6276973316459771,3679.5632802313644,28945.150168548294,0.4972312846790758,9
0.6287343282662242,3694.058013672243,31317.31602906186,0.48881053631596394,96
0.6289373192606172,3696.8948892039475,47074.69707134066,0.45022123401586406,377
0.6309300635583126,3724.7163609177815,34568.3898688546,0.4796505950913766,189
0.6318153799826239,3737.121141722582,43239.89408572957,0.45858362283079324,203
0.6321892248161365,3742.3582467774786,28079.977563359433,0.5021094496167584,229
0.6344309284954569,3773.75978329827,38626.54222133402,0.469881634718022,361
0.6356920893642669,3791.4638007665176,22791.812405623536,0.5282493888855518,278
0.6359088951307641,3794.506286273466,25222.025433318253,0.5155933298468076,236
0.6362719070257004,3799.5996787861695,22522.45244240796,0.5300045781731125,470
0.6370958147644469,3811.1613964957296,27045.628582334808,0.5076898505871859,76
0.6378481476065844,3821.7214692103453,36018.04918496036,0.47796536043991467,333
0.6385952982552807,3832.25178003535,32112.71030750865,0.4904758810254495,428
0.6390288057117917,3838.3845840856516,40425.140069241046,0.46785455480810173,452
0.639353530917423,3842.9804948246547,24011.083109922383,0.5246094146744807,253
0.6397219995293815,3848.2066793190984,33102.92745793658,0.48822113978535553,46
0.6416714731208275,3875.866394038801,49351.058814572265,0.45101130074065,165
0.6417596905072832,3877.1176436919695,25781.04690521966,0.5164161228629542,209
0.6424052965981096,3886.27495321462,25166.937222148932,0.5198053819281738,477
0.6427900522066913,3891.741870632808,40117.05859175104,0.46992787019144955,90
0.6429261936117253,3893.6759714665186,27133.54035693633,0.5109118612809248,194
0.6430677181485817,3895.687287473161,42178.74023650965,0.4661161471730142,423
0.6443986808575868,3914.6685529331126,50338.84121718173,0.4510415316320777,348
0.6471903368639845,3954.4960620502216,32790.94809527299,0.49136088850174936,49
0.6476100925695005,3960.478728090561,33334.775424753956,0.49046276682210355,85
0.6479139621174709,3964.8269504563077,31419.507883364964,0.49702921152255064,106
0.6488234251873587,3977.8529054315522,45535.572359468184,0.4608176025328134,287
0.6499601027569907,3994.1183433203505,18044.611266929176,0.5690121818219986,263
0.6500907278335624,3995.9871679786875,39859.81810064512,0.47368323110944477,269
0.6513795097619208,4014.4741074007843,49542.97337713576,0.4542444888126316,466
0.6514035979467993,4014.8198724343483,20500.171083486213,0.5509016968305069,388
0.6520649056815732,4024.303470142899,35050.741560961156,0.4870785519360751,131
0.6531878823832172,4040.4484945106115,24320.240945638136,0.5293363276061497,484
0.6533133289498951,4042.2571163615194,30399.49622997474,0.5032523821450369,427
0.6538639437921686,4050.209588594881,24251.1122435609,0.5302811128463715,249
0.6546784605992138,4061.9742323603314,17903.023944404216,0.5734061372694462,1
0.6556018604785814,4075.2987457364197,68057.00094741392,0.43297970962187105,62
0.656479533374784,4088.131055351785,22249.397114752173,0.5450562098439128,144
0.6570223627906246,4096.082798963827,28974.739823961314,0.5123691522785718,68
0.658248912681243,4114.066098064608,32758.112915411704,0.4991067606001464,43
0.65827354256753,4114.4276227009705,33106.358538549684,0.49821502050048955,414
0.659736737380654,4135.9189950965865,39982.87745310981,0.47978184348218933,190
0.6601525474891572,4142.0431544732255,46360.27253136994,0.46755307994481726,191
0.6611916120557386,4157.466500344774,31822.65062735764,0.5048775433595986,442
0.6612342066018795,4158.098881671493,40000.578278739056,0.48151134034699694,201
0.6617163474724542,4165.259487478745,46387.66741283423,0.46893059193371794,184
0.6618062143940907,4166.602750284097,20156.047459428344,0.5653278390597065,33
0.6621875615659822,4172.326263064808,26257.617498223874,0.5312111346627902,147
0.6626248828263224,4178.942089696897,23934.835626554057,0.5431895582555231,177
0.6631415725614844,4186.759797783339,64388.96086982091,0.4441526936703006,366
0.663819440374936,4197.032291808509,29657.89747735063,0.5173066889022019,426
0.664023934659183,4200.131581459736,27658.150344372483,0.5255619490429386,212
0.6646591700875512,4209.756138487225,26795.94575371534,0.5295708064966914,258
0.6650173012719073,4215.183848900038,47431.73333586122,0.46992872810331543,461
0.6651836450479781,4217.705661931935,29719.761741442602,0.5181232767981537,159
0.6654313349338321,4221.474983585967,27986.76944271336,0.5259577272626826,117
0.6668282155897024,4242.79859652273,31123.0824982366,0.5136348280890525,444
0.6674004366850655,4251.526124766011,43415.05119573443,0.4797076796776343,17
0.6677917821950871,4257.501420864029,38650.70757174975,0.49154576794496596,140
0.6682226643047784,4264.098816742766,49624.284875836456,0.46815058123086534,78
0.668999811610393,4275.994323042112,37036.320182501855,0.49595633716611337,232
0.6702832765258049,4295.624978446837,37924.6329631326,0.49371326813231586,261
0.6704858599057462,4298.724351644173,24286.934935741105,0.5460235729295848,235
0.6722891164724003,4326.405707049993,47969.018551097186,0.47289111447921883,460
0.6723833845318669,4327.857884134689,64219.43724311712,0.4496464847164492,373
0.6752274939850803,4371.9477929591285,24845.81496244713,0.546108371411066,308
0.6756745764532844,4378.887242606752,29996.583575131986,0.5237587900874412,499
0.6758254089704714,4381.239483955989,34374.236631325024,0.5090471116676171,48
0.6765521363427739,4392.603138472166,23665.562033650327,0.5543298667265725,353
0.6772802907331462,4403.985605814357,104675.32687995506,0.417597835333913,105
0.677319947809796,4404.6094173719775,60074.67563743126,0.4578595226955322,103
0.6773856232543233,4405.642628610525,58739.602936626776,0.4603222782678938,137
0.6775183310039988,4407.736760144874,43548.60211452846,0.4869980248791705,141
0.6783846532321457,4421.408590810524,27637.427812212547,0.5371966755518931,58
0.6785863691862394,4424.60443667624,33304.03403605478,0.5155722633169006,21
0.6795250916542703,4439.484630694831,21108.038891097145,0.5739706363146426,228
0.6799137754435621,4445.643978117989,29957.199307008912,0.5280749374896178,292
0.6818042505445502,4475.61970771451,42578.04733118261,0.4908876585474764,176
0.6819497640926435,4477.929965536783,33974.849956794904,0.517052995414175,112
0.684259563356329,4515.128096902265,97070.27211753618,0.42712371258639115,240
0.6853216773728579,4532.234745121788,45219.70793816299,0.48979472182322076,45
0.6867826737165481,4555.963140201701,30986.660837012583,0.5302709882859683,491
0.6881457014994639,4578.141907516262,25089.34772254879,0.5568747480577618,153
0.6886233174253503,4585.912824452767,20510.02776577085,0.5863742669754077,55
0.6893998684781667,4598.575450804608,44459.06173345615,0.49303161605180273,108
0.6895424333907235,4600.904991462614,28698.084850885392,0.5406973770991655,301
0.6903461947083808,4614.033526763407,28827.228492346258,0.5402520552855665,259
0.6912311949420966,4628.484477456917,32376.624213196905,0.5265205270441983,345
0.6942323666845723,4677.409853132643,37258.51717968702,0.5116944447024617,406
0.6947780963850988,4686.323565790863,39827.88495342192,0.5052167858712283,271
0.6951789561764803,4692.885424828566,46173.85495865225,0.4907533527269698,339
0.6957052098713683,4701.502560655378,51263.33059154476,0.48191838669354625,448
0.6961846853055419,4709.3885790716495,44962.74501951474,0.49530058290972107,256
0.6963120086907195,4711.49575288963,41675.044553537016,0.503122628914353,435
0.6965524073367757,4715.481340235014,43069.85523669353,0.4998725699886232,449
0.6967379539559607,4718.557286213041,22778.562032257538,0.5758715741124611,408
0.6978286404609194,4736.629469002188,26143.02700003305,0.5568507891574241,196
0.6979127710034827,4738.022774429255,35805.09863238981,0.5191804211424664,79
0.6990529497178651,4756.90359900806,37638.24428127278,0.5140936604479874,145
0.6994928932444816,4764.195334896087,102312.61622099379,0.4299562144675531,20
0.7013329040510603,4794.687182067388,28841.819167063415,0.5456555513961064,158
0.7037065633663513,4834.095261368415,47942.134599560726,0.491177326598035,238
0.7040144837165182,4839.214548136637,17662.453990566737,0.6193257194107828,110
0.7056237712484184,4865.996483236164,32935.33543766382,0.5311714811765106,0
0.7059021513114102,4870.638814732867,45582.277897034815,0.4971626343629724,69
0.7059927159879926,4872.151801569766,30772.389199053796,0.5403913950531848,162
0.7083245852681987,4911.235925255809,39704.37344548024,0.5121604247125336,458
0.7099231522162722,4938.032434771046,45813.08254705476,0.4978944992425218,360
0.711000831790375,4956.088171573989,54001.09085338903,0.4836790466240731,219
0.7143842898797472,5013.029133858021,20656.207760087345,0.5975800869106865,280
0.7143874754897428,5013.08274720907,29396.867315568506,0.5485469993918357,399
0.7144568991500523,5014.2534502905455,25634.300652853857,0.5675782910446429,8
0.7154478581988846,5031.053035525665,32602.562753143033,0.5372006818415221,199
0.7155892693250757,5033.450741597876,24981.862251555387,0.571304321041986,306
0.7158832196220855,5038.433915959953,36540.309253097585,0.5247220717284888,83
0.7161415822284894,5042.824819401615,37504.56713583876,0.5229252125660683,12
0.7172590047891473,5061.915220369521,26864.518445574457,0.5631270007772283,234
0.7177309980852585,5069.973645712528,12993.613223084216,0.6920915765789832,233
0.717946734273295,5073.665975489763,24094.403795406786,0.5793102374588079,468
0.7189882126371513,5091.531203342003,56730.47617912183,0.4839185565531325,29
0.7192018142492537,5095.206240982401,49412.410009257794,0.4973465717921457,264
0.719373953117285,5098.181242957939,44078.59317866977,0.5087343705731998,220
0.7203312454195542,5114.739050025562,24695.935438967197,0.5779706789096865,467
0.7203415643911302,5114.917620954584,32631.630893588313,0.5418009416153474,214
0.7228100951876326,5157.596925600867,34041.415805490025,0.537287869837108,412
0.7234556920353904,5168.769742567387,65178.45930691996,0.4748278860342292,372
0.7237627707742768,5174.123849236016,39150.25702144993,0.5231217075898923,492
0.7240714027743644,5179.50463385717,45666.26693336478,0.507748032134746,355
0.7242682322182954,5182.945855752336,82088.6747911913,0.4577442663573343,425
0.7243100246076859,5183.67985892937,45120.60244502928,0.5098052671597564,255
0.7245866446404776,5188.538903673676,34125.21736555848,0.5402664717267575,465
0.7249479945271429,5194.895077087767,35563.22911949036,0.5358212358843982,335
0.7253230390430342,5201.5010142759,29201.087666646734,0.5599186320444571,317
0.7277664927414934,5244.537926015602,33692.26731694246,0.5433706442372487,75
0.7278381642037838,5245.806247385752,35874.760004086595,0.5362599181550652,481
0.7281440750726852,5251.222428983325,33861.645753775316,0.5434289760687264,270
0.7312426301252904,5306.13865956224,26026.287459713665,0.5772009289913708,347
0.7322878720960969,5324.63087948847,47079.99120869186,0.5084124319751087,81
0.7334158991111606,5344.621651080386,41221.98391482807,0.522738801478904,293
0.7336515192124441,5348.812493035116,33919.601152560135,0.5445782517108468,124
0.7350206950922704,5373.149375908488,34426.24169197557,0.5432255588189375,312
0.7357794990214506,5386.6523007879505,52009.01219398096,0.5001109525906414,325
0.7361348206985827,5392.979877036405,45541.16545500002,0.5134847734056835,87
0.7366834189468949,5402.770911573495,43880.298977282706,0.5173816239590072,88
0.738077167795986,5427.640394982576,57347.30001228723,0.49173071028737236,183
0.7385030578183447,5435.237380942763,41772.865829565184,0.5229299219619079,463
0.7387706877285449,5440.018586286983,41148.78341560623,0.5257056524769599,244
0.7401104103232088,5464.097268740265,38120.45473527951,0.534144037842073,3
0.7401831625857428,5465.404810356714,61217.926909371934,0.4876740002506106,118
0.7424356260153564,5505.90686620095,33054.71602701389,0.5510915002926078,146
0.7427905145389495,5512.282895809882,32328.224279333463,0.5593236092110285,385
0.7434576164004463,5524.6269888527895,48252.89564794356,0.5163168586339661,393
0.7451888548109232,5556.889892744195,38082.86601685789,0.542587374295875,225
0.7458395341789462,5569.0814029957455,51478.81014537794,0.5115974393607696,15
0.7461699681560877,5575.289685531077,40878.94762468401,0.5356200490355355,94
0.7466869140909407,5585.017162648746,52045.95207211819,0.5108703369663674,354
0.7468556552504743,5588.191967927269,32186.14294397001,0.5644751674985313,429
0.7471863453588363,5594.4422553243585,27016.632198899017,0.5882133809306389,129
0.7483496074296218,5616.473871081193,34386.912859808675,0.557338804810291,128
0.7489090434519933,5627.089661124052,62844.44409860581,0.49578148128655014,204
0.7532266809167097,5709.168667641952,30767.652126219888,0.5723804781557504,462
0.7538306532378766,5720.644011847586,42505.51792828027,0.5345950315289318,223
0.7549632083694918,5742.194579338914,39156.10263983199,0.5445975769774444,371
0.7554212229537622,5750.950754784707,27074.295594500938,0.5914733403642227,409
0.7555728609474437,5753.853333423362,24297.383348515046,0.608731252525176,430
0.755695483678364,5756.216975814166,36654.60263012105,0.554224904526659,374
0.7562736270994708,5767.387269716908,42182.945317740436,0.5384646875176403,343
0.7570632008224026,5782.64505535301,22667.419707519693,0.6206469601334944,392
0.7576174560291058,5793.365345274466,35359.31909693622,0.5601502117883729,148
0.7578641531717314,5798.167526039932,60809.15159045418,0.5056670278210177,155
0.7581040488788757,5802.898583542674,32986.47612751026,0.5718291745430677,231
0.7581872316767171,5804.5455854393795,33922.39948367478,0.5684813590521673,342
0.7587455899088587,5815.605210461462,27868.65030170374,0.5953895700751259,438
0.7587645016537625,5815.98180437422,37626.84375725161,0.5571743719704121,32
0.759688703635864,5834.39553796717,44681.11116999237,0.5383449122450028,422
0.7599877988447025,5840.364754367516,31019.283426394893,0.5824418699130207,221
0.7604367317669629,5849.365310240779,28139.382141597504,0.5962066382515091,197
0.7607990090514835,5856.6466397083295,44717.6216997534,0.5426042940037594,493
0.7619010393631895,5879.171446682944,36849.29563795894,0.5655214577777355,34
0.7646610269026566,5935.7931389738515,66600.96215771162,0.5047837778407739,403
0.7649520168936995,5941.763032551543,45527.13852927711,0.5429335219414558,346
0.7657729746317307,5958.704633137144,20554.111145818326,0.6517429437288734,436
0.7663751134023633,5971.128446504487,30601.79956933778,0.5906166127654083,163
0.7664194903134091,5972.043808352668,42927.774666013196,0.551197806825298,382
0.7671557109526702,5987.381990378493,33842.497014604705,0.5794237063580232,154
0.7672770953309672,5989.91061850022,31813.48455985817,0.5881549071287646,39
0.7673396985290404,5991.219712311559,36170.80547071454,0.5737113528836253,151
0.7680990832186974,6007.25999969939,48461.88144027655,0.543201107256615,386
0.76996490327146,6047.224702428759,44226.95155419004,0.5535561501011705,351
0.7707902264241757,6064.93525251191,35346.01885292369,0.5812069911992077,5
0.772964596075872,6111.888751358315,44921.50370720289,0.5542522752340232,260
0.7730094526251516,6112.8626225832195,33027.29141132951,0.591341260267744,70
0.7735698891205319,6125.047513322239,45765.47048185996,0.5549327012777862,123
0.7738914988521787,6132.137545376594,65729.35121437488,0.52079401086185,407
0.7747343913816769,6150.956587744226,51081.952881630714,0.5455268413007673,41
0.7747689694822326,6151.728548937413,35931.45264022719,0.5862501233435116,92
0.776039593387228,6180.188169783786,39917.03124294265,0.574097253388512,149
0.7819707696441208,6313.07768750301,23654.389849226576,0.6481403421698972,71
0.7846065946980049,6372.247421903394,38699.360501790245,0.579363049381514,480
0.7860157775144656,6403.916582555718,33520.82621626211,0.5990974741834679,51
0.7863353958286273,6411.157578627952,46505.94066982831,0.5597777586038883,139
0.7865552516801286,6416.140385235743,48796.9426218473,0.5563781515256874,89
0.7899205013704409,6493.124322175094,36586.01814350907,0.5935799971209871,187
0.7902043800669362,6499.7443327818055,34142.98523981198,0.6031529762114184,395
0.7904263655275845,6504.93859844301,40138.224109572664,0.5833348705235588,239
0.7904404873441224,6505.2703762988895,27756.500610055296,0.6364593138785772,213
0.7906947680268197,6511.3592687428845,88407.19542729398,0.5085779574552792,305
0.7907947725127723,6513.767005591788,26401.931677647754,0.6456654417007459,368
0.7910434175014026,6519.770007871743,23108.149892165362,0.6674173064431007,248
0.7915319021242775,6531.563752153263,33088.79950879112,0.6139464220095967,383
0.7916742104564501,6535.016132523475,40581.63488855711,0.5897323734653381,109
0.7925163049864098,6555.654485915889,76772.75841968521,0.5249018734691488,319
0.7933036899160281,6575.090859070317,34999.06959624732,0.6105689912968847,439
0.7940616606155851,6593.871925982192,60121.998840262386,0.5503471308554437,389
0.7962708395203251,6649.110282769078,45212.51843841184,0.5824781542370682,206
0.7978737752650303,6689.498824321792,82227.54780196528,0.5255018212368894,243
0.8009155545606164,6767.504914563822,56461.26482504398,0.562266602996529,497
0.8010986932557141,6772.218903994341,27406.283811111363,0.6555336313530582,356
0.8015938830767557,6785.095196613155,57647.65359754183,0.5622990604612871,80
0.8023775754760352,6805.52545042069,26974.105362953054,0.6588631246749553,341
0.80509605021548,6876.336967388568,27191.509259238872,0.6592488539059658,25
0.8052906839715896,6881.444453441501,37665.25532140972,0.6154128601025688,482
0.805994566008768,6900.170097899618,69380.65488773823,0.5482562180597963,376
0.8080750845521265,6955.696832979889,46760.08075756295,0.5902213656054537,402
0.8082718804749854,6960.957909749286,53608.49262351085,0.5750465339964383,391
0.8083893841114477,6964.101162956131,36868.87157765233,0.6204498559721676,22
0.8094319069378286,6992.1081162635755,43350.723613980444,0.6001533813626968,86
0.8109457674670114,7032.747453393224,38582.335794220664,0.6156658423013615,297
0.8116601876481808,7052.01977820033,42992.15666006248,0.6039207282756792,298
0.8130208862230157,7089.076609193678,36643.855128246505,0.6276542261123491,359
0.8159891528223812,7171.372492532448,45517.39918889104,0.6018469596380233,370
0.8184050129998515,7238.7691608598325,45544.74174358478,0.6031889158015943,134
0.8206847546674364,7302.772212584204,36015.34176924463,0.6340315011392823,315
0.8268366352163142,7475.723127340084,29476.2033780523,0.6633671465943466,174
0.8274309432205232,7492.398009922988,78098.77879580946,0.5477987422433807,320
0.8287296885181901,7528.929618529082,43530.19207171806,0.6110240378393929,211
0.8288091492702875,7531.1725603603845,54578.30675925708,0.5857011015352879,195
0.8315856482292261,7609.934904377676,20640.055792945728,0.7295085130733273,224
0.8321891667973381,7627.130062172204,32041.894804956377,0.6552188729035724,310
0.8324348739803592,7634.1595670131765,46523.213203946754,0.6074926905688465,404
0.8328796575211275,7647.017336772121,45993.01745212363,0.608937758582479,401
0.8335372590351986,7666.025526805517,55980.291456606945,0.5865549447574026,100
0.8352891254316221,7716.672491920223,39711.13093941767,0.6331111424212202,170
0.8365297742841996,7753.681996661093,51132.87233792943,0.6040751972908945,210
0.8375008614503315,7782.992372214974,33398.47699268261,0.6594131449742267,205
0.8399429112191447,7856.635369804164,36506.24572820007,0.6471807264533608,74
0.8402059405734004,7864.574233949215,65696.43382869252,0.577563566589179,369
0.8423501315521875,7929.3933759203555,48189.786520439906,0.6120530436033312,267
0.8426809113130422,7939.389353062421,51445.00397542912,0.6060805495818111,323
0.8428182551497029,7943.583103399071,69766.27075738815,0.579289191382779,138
0.843197768247756,7955.632789630001,40823.388325746106,0.6445782257019951,257
0.8454361667793151,8028.1409419971715,65701.89026052509,0.5888055814917327,104
0.8457870283115327,8039.497990109987,55518.85190994298,0.6084546438138031,494
0.8471053545977228,8082.4968585431025,57929.45619136014,0.6039133956007419,400
0.8477505526552058,8103.553117268726,42519.30002440866,0.6439381865064019,464
0.848450902904047,8126.806063351431,36109.02547123345,0.6675201232815875,132
0.8576524432262885,8433.09625746901,77737.46585001146,0.5786565937669955,276
0.8577511961330307,8436.408176342844,40241.50302322004,0.6573616430610907,457
0.8605992658962951,8533.425073331666,45164.14795780146,0.6472059384175085,446
0.8615887574991583,8568.133966731762,57336.41056642994,0.6199825994992074,362
0.8620772242335072,8585.43824120722,50861.95852945185,0.6391367560178203,50
0.864634199415469,8678.81354242174,43390.99587158045,0.6601408001239271,44
0.8686742883523703,8826.631699756334,67152.4091058143,0.6159325379964828,318
0.8706704754641216,8903.287374354506,65411.616945250185,0.6241592274947749,182
0.8775733900261699,9176.767563246158,115390.77978673481,0.5709695631075422,290
0.8781508806096524,9200.031848656698,33306.091839759814,0.7170402302610399,226
0.8809751663728546,9314.471297973643,47147.938798054296,0.6696928184089787,274
0.8818129941769698,9348.79993007528,43374.95390637987,0.681121076900191,352
0.8818780345019605,9351.46893181149,58836.56389360954,0.6609852226351365,241
0.8918270812774322,9809.699376924229,26754.396835245978,0.7801103319350198,440
0.893526538695402,9889.64253542672,35180.46944402978,0.740604512977544,119
0.8989288899427718,10152.199755596746,74964.69557160788,0.644589651526338,379
0.8990610912483629,10158.691738487043,57301.697389844616,0.6816564086531789,82
0.9008978414223068,10252.491820881574,71745.82900503148,0.6610646728341372,208
0.9031980284659477,10374.451547382068,48711.434002778886,0.7086672933108716,394
0.906102886233071,10528.312784440739,51291.35592132599,0.7165932723166524,113
0.9629989288585732,13732.170919489221,81706.75855964432,0.70105961505708,95
